,age,sex,cp,trestbps,chol,fbs,restecg,thalach,exang,oldpeak,slope,ca,thal,target,age_squared
count,1025.0,1025.0,1025.0,1025.0,1025.0,1025.0,1025.0,1025.0,1025.0,1025.0,1025.0,1025.0,1025.0,1025.0,1025.0
mean,-3.431401504402435e-16,0.6956097560975609,0.9424390243902439,-7.036106115087822e-16,-3.4660621256590253e-18,0.14926829268292682,0.5297560975609756,-4.3325776570737815e-16,0.33658536585365856,-2.426243487961318e-16,1.3853658536585365,0.7541463414634146,2.32390243902439,0.5131707317073171,1.0000000000000002
std,1.0004881620988828,0.4603733241196493,1.029640743645865,1.0004881620988828,1.0004881620988826,0.3565266897271575,0.5278775668748921,1.0004881620988826,0.47277237600371186,1.0004881620988826,0.6177552671745918,1.0307976650242823,0.6206602380510298,0.5000704980788014,1.2134790231356387
min,-2.8048664310230067,0.0,0.0,-2.148237353339241,-2.3270544304215677,0.0,0.0,-3.3970797689318357,0.0,-0.9123290898224784,0.0,0.0,0.0,0.0,0.0022922518357404087
25%,-0.7095548182814244,0.0,0.0,-0.6632164603507903,-0.6787242088729573,0.0,0.0,-0.744271339086044,0.0,-0.9123290898224784,1.0,0.0,2.0,0.0,0.14342591665475374
50%,0.172681650241347,1.0,1.0,-0.09205457843215531,-0.1163527215210784,0.0,1.0,0.12550191660110077,0.0,-0.2311765325481161,1.0,0.0,2.0,1.0,0.5242910398737797
75%,0.7240794430680791,1.0,2.0,0.4791073034864796,0.5623714873518789,0.0,1.0,0.7343431955821021,1.0,0.6202641640448368,2.0,1.0,3.0,1.0,1.590001487460478
max,2.488552380113622,1.0,3.0,3.9060785949982892,6.166694240617154,1.0,2.0,2.299935055818963,1.0,4.366603229053829,2.0,4.0,3.0,1.0,7.867275695879739
